{"Training Loss": 0.05639420822262764, "Val Loss": 0.05609847977757454, "Val Accuracy": 10000000.0, "Alignment": -0.48689398169517517, "Test Loss": 0.05644669011235237, "Test Accuracy": 10000000.0, "_timestamp": 1699265999.28949, "_runtime": 7.768115043640137, "_step": 9, "Best Val Loss": 0.05609847977757454, "Best Val Accuracy": 10000000.0, "Best Epoch": 0, "Best Test Loss": 0.05644669011235237, "Best Test Accuracy": 10000000.0, "_wandb": {"runtime": 7}}