{"Training Loss": 0.2682719826698303, "Val Loss": 0.27519690990448, "Val Accuracy": 0.9181666374206543, "Alignment": 0.1819125860929489, "Test Loss": 0.25204557180404663, "Test Accuracy": 0.9262999892234802, "_timestamp": 1699267250.131047, "_runtime": 109.70059108734131, "_step": 4, "Best Val Loss": 0.27519690990448, "Best Val Accuracy": 0.9181666374206543, "Best Epoch": 4, "Best Test Loss": 0.25204557180404663, "Best Test Accuracy": 0.9262999892234802, "_wandb": {"runtime": 114}}