{"Training Loss": 0.003322301432490349, "Val Loss": 0.0027460281271487474, "Test Loss": 0.002767950063571334, "Relative Norms Gradients": 1.0456557273864746, "Gradient Alignment": 0.6449232697486877, "Alignment bias gradient layer 0": 0.12749183177947998, "Alignment bias gradient layer 1": 0.36511990427970886, "Alignment bias gradient layer 2": 1.0, "Alignment gradient layer 0": 0.1266152262687683, "Alignment gradient layer 1": 0.33514827489852905, "Alignment gradient layer 2": 0.9999987483024597, "Alignment layer 0": -0.009792746976017952, "Alignment layer 1": 0.0018475244287401438, "Alignment layer 2": 0.012202834710478783, "_timestamp": 1699539636.425621, "_runtime": 11.739614009857178, "_step": 9, "Best Val Loss": 0.033483412116765976, "Best Epoch": 0, "Best Test Loss": 0.033109962940216064, "_wandb": {"runtime": 11}}