{"Training Loss": 305.0456848144531, "Val Loss": 237.63497924804688, "Val Accuracy": 0.8955000042915344, "Relative Norms Gradients": 0.8401500582695007, "Gradient Alignment": 0.27402323484420776, "Test Loss": 212.90245056152344, "Test Accuracy": 0.902899980545044, "Alignment bias gradient layer 0": -0.005048930644989014, "Alignment bias gradient layer 1": -0.018389597535133362, "Alignment bias gradient layer 2": 1.0, "Alignment gradient layer 0": 0.004152512643486261, "Alignment gradient layer 1": -0.00574639393016696, "Alignment gradient layer 2": 1.000000238418579, "_timestamp": 1699534286.622304, "_runtime": 51.56365704536438, "_step": 0, "Best Val Loss": 237.63497924804688, "Best Val Accuracy": 0.8955000042915344, "Best Epoch": 0, "Best Test Loss": 212.90245056152344, "Best Test Accuracy": 0.902899980545044, "_wandb": {"runtime": 136}}