{"Training Loss": 1.4692208766937256, "Val Loss": 0.8845455050468445, "Val Accuracy": 0.7963333129882812, "Alignment": [-0.00045638607116416097, 0.4853116273880005, 0.5866883397102356], "Gradient Alignment": null, "Test Loss": 0.8743915557861328, "Test Accuracy": 0.8100999593734741, "Alignment layer 0": -0.00045638607116416097, "Alignment layer 1": 0.4853116273880005, "Alignment layer 2": 0.5866883397102356, "_timestamp": 1699439425.318062, "_runtime": 35.501721143722534, "_step": 0, "Best Val Loss": 0.8845455050468445, "Best Val Accuracy": 0.7963333129882812, "Best Epoch": 0, "Best Test Loss": 0.8743915557861328, "Best Test Accuracy": 0.8100999593734741, "_wandb": {"runtime": 39}}