{"Training Loss": 0.3144078254699707, "Val Loss": 0.21754255890846252, "Test Loss": 0.1988518238067627, "Test Accuracy": 0.9440000057220459, "Relative Norms Gradients": 1.0003122091293335, "Gradient Alignment": 0.5613017678260803, "Alignment bias gradient layer 0": -0.015370206907391548, "Alignment bias gradient layer 1": 1.0, "Alignment gradient layer 0": -0.001278436160646379, "Alignment gradient layer 1": 0.9999977350234985, "Alignment layer 0": -0.000949098146520555, "Alignment layer 1": -0.010246338322758675, "_timestamp": 1699548578.889196, "_runtime": 55.27033591270447, "_step": 0, "Best Val Loss": 0.21754255890846252, "Best Epoch": 0, "Best Test Loss": 0.1988518238067627, "Best Test Accuracy": 0.9440000057220459, "Best Val Accuracy": 0.937666654586792, "_wandb": {"runtime": 77}}