{"Training Loss": 102.84549713134766, "Val Loss": 137.7294464111328, "Test Loss": 105.61481475830078, "Test Accuracy": 0.933899998664856, "_timestamp": 1699540166.04233, "_runtime": 148.49839997291565, "_step": 4, "Best Val Loss": 86.39681243896484, "Best Epoch": 3, "Best Test Loss": 82.08851623535156, "Best Test Accuracy": 0.9437999725341797, "Best Val Accuracy": 0.9465000033378601, "_wandb": {"runtime": 189}}