{"Training Loss": null, "Val Loss": null, "Val Accuracy": null, "Alignment": 0.004759515635669231, "_timestamp": 1699274510.245055, "_runtime": 9.334239959716797, "_step": 0, "_wandb": {"runtime": 40}}