{"Training Loss": 84.43260955810547, "Val Loss": 57.835140228271484, "Test Loss": 52.92931365966797, "Test Accuracy": 0.9160999655723572, "_timestamp": 1699542498.611292, "_runtime": 50.353280782699585, "_step": 0, "Best Val Loss": 57.835140228271484, "Best Epoch": 0, "Best Test Loss": 52.92931365966797, "Best Test Accuracy": 0.9160999655723572, "Best Val Accuracy": 0.9120000004768372, "_wandb": {"runtime": 153}}