{"Training Loss": 1.937365823323489e-06, "Val Loss": 2.1541234218602767e-06, "Val Accuracy": 10000000.0, "Alignment": -0.5106523633003235, "Test Loss": 1.7097399904741906e-06, "Test Accuracy": 10000000.0, "_timestamp": 1699263619.548049, "_runtime": 10.291563987731934, "_step": 49, "Best Val Loss": 1.261562283616513e-05, "Best Val Accuracy": 10000000.0, "Best Epoch": 0, "Best Test Loss": 1.1134790838696063e-05, "Best Test Accuracy": 10000000.0, "_wandb": {"runtime": 13}}