{"Training Loss": 69.14427185058594, "Val Loss": 49.67864227294922, "Val Accuracy": 0.9013333320617676, "Relative Norms Gradients": 0.9863246083259583, "Gradient Alignment": 0.2964192032814026, "Test Loss": 44.02510070800781, "Test Accuracy": 0.9085999727249146, "Alignment bias gradient layer 0": 0.05134017765522003, "Alignment bias gradient layer 1": -0.01514351461082697, "Alignment bias gradient layer 2": 1.0, "Alignment gradient layer 0": 0.014345142990350723, "Alignment gradient layer 1": 0.02155134826898575, "Alignment gradient layer 2": 0.9999996423721313, "Alignment layer 0": -0.001797886798158288, "Alignment layer 1": 0.003510277485474944, "Alignment layer 2": 0.0224614255130291, "_timestamp": 1699522085.698508, "_runtime": 52.19843006134033, "_step": 0, "Best Val Loss": 49.67864227294922, "Best Val Accuracy": 0.9013333320617676, "Best Epoch": 0, "Best Test Loss": 44.02510070800781, "Best Test Accuracy": 0.9085999727249146, "_wandb": {"runtime": 55}}