{"Training Loss": 0.40867775678634644, "Val Loss": 0.3755905330181122, "Val Accuracy": 0.8930000066757202, "Alignment": 0.3769242763519287, "Gradient Alignment": 0.5061883926391602, "Test Loss": 0.34708482027053833, "Test Accuracy": 0.9025999903678894, "Alignment bias gradient layer 0": 0.7533262968063354, "Alignment bias gradient layer 1": 0.5905908942222595, "Alignment bias gradient layer 2": 0.999101459980011, "Alignment gradient layer 0": 0.7195178270339966, "Alignment gradient layer 1": 0.5642493963241577, "Alignment gradient layer 2": 0.9988723397254944, "_timestamp": 1699341548.4261382, "_runtime": 83.48917126655579, "_step": 1, "Best Val Loss": 0.3755905330181122, "Best Val Accuracy": 0.8930000066757202, "Best Epoch": 1, "Best Test Loss": 0.34708482027053833, "Best Test Accuracy": 0.9025999903678894, "_wandb": {"runtime": 86}}