{"Training Loss": 1.6036932468414307, "Val Loss": 0.8822790384292603, "Val Accuracy": 0.8101666569709778, "Alignment": 0.6408743858337402, "Test Loss": 0.8557785153388977, "Test Accuracy": 0.8298999667167664, "_timestamp": 1699280148.7472472, "_runtime": 36.7025511264801, "_step": 1, "Best Val Loss": 0.8822790384292603, "Best Val Accuracy": 0.8101666569709778, "Best Epoch": 0, "Best Test Loss": 0.8557785153388977, "Best Test Accuracy": 0.8298999667167664, "_wandb": {"runtime": 41}}