{"Training Loss": 0.2030632495880127, "Val Loss": 0.2179800271987915, "Val Accuracy": 0.9353333115577698, "Alignment": 0.29729580879211426, "Gradient Alignment": 0.45639845728874207, "Test Loss": 0.19973726570606232, "Test Accuracy": 0.9426999688148499, "Alignment bias gradient layer 0": 0.8755955696105957, "Alignment bias gradient layer 1": 0.8527587652206421, "Alignment bias gradient layer 2": 0.9995975494384766, "Alignment gradient layer 0": 0.8702763319015503, "Alignment gradient layer 1": 0.8445096015930176, "Alignment gradient layer 2": 0.9995612502098083, "_timestamp": 1699296015.802371, "_runtime": 227.27459502220154, "_step": 9, "Best Val Loss": 0.2179800271987915, "Best Val Accuracy": 0.9353333115577698, "Best Epoch": 9, "Best Test Loss": 0.19973726570606232, "Best Test Accuracy": 0.9426999688148499, "_wandb": {"runtime": 233}}