{"Training Loss": 0.00048035942018032074, "Val Loss": 0.07824617624282837, "Val Accuracy": 0.9803333282470703, "Relative Norms Gradients": 1.0, "Gradient Alignment": 0.9997208118438721, "Test Loss": 0.06750039011240005, "Test Accuracy": 0.9835999608039856, "Alignment bias gradient layer 0": 1.000000238418579, "Alignment bias gradient layer 1": 1.0, "Alignment bias gradient layer 2": 1.0, "Alignment gradient layer 0": 0.9996650815010071, "Alignment gradient layer 1": 0.9997782707214355, "Alignment gradient layer 2": 0.9999969601631165, "_timestamp": 1699536213.910341, "_runtime": 169.80192708969116, "_step": 9, "Best Val Loss": 0.07581210136413574, "Best Val Accuracy": 0.9810000061988831, "Best Epoch": 7, "Best Test Loss": 0.06603193283081055, "Best Test Accuracy": 0.9827999472618103, "_wandb": {"runtime": 707}}