{"Training Loss": 1.603195071220398, "Val Loss": 0.877254843711853, "Val Accuracy": 0.8161666393280029, "Alignment": 0.6397672891616821, "Gradient Alignment": 0.5751867294311523, "Test Loss": 0.8553528189659119, "Test Accuracy": 0.8300999999046326, "Alignment bias gradient layer 0": -0.1830577254295349, "Alignment bias gradient layer 1": -0.40085136890411377, "Alignment bias gradient layer 2": 0.9999091625213623, "Alignment gradient layer 0": -0.12634247541427612, "Alignment gradient layer 1": -0.3757777214050293, "Alignment gradient layer 2": 0.9998850226402283, "_timestamp": 1699293653.694299, "_runtime": 40.42632699012756, "_step": 0, "Best Val Loss": 0.877254843711853, "Best Val Accuracy": 0.8161666393280029, "Best Epoch": 0, "Best Test Loss": 0.8553528189659119, "Best Test Accuracy": 0.8300999999046326, "_wandb": {"runtime": 47}}