{"Training Loss": 0.1929958164691925, "Val Loss": 0.20903275907039642, "Val Accuracy": 0.9403333067893982, "Alignment": 0.6246223449707031, "Test Loss": 0.19043627381324768, "Test Accuracy": 0.9424999952316284, "_timestamp": 1699278436.482335, "_runtime": 191.86730408668518, "_step": 5, "Best Val Loss": 0.20903275907039642, "Best Val Accuracy": 0.9403333067893982, "Best Epoch": 4, "Best Test Loss": 0.19043627381324768, "Best Test Accuracy": 0.9424999952316284, "_wandb": {"runtime": 202}}