{"Training Loss": 102.84549713134766, "Val Loss": 137.7294464111328, "Test Loss": 105.61481475830078, "Test Accuracy": 0.933899998664856, "Relative Norms Gradients": 11.106916427612305, "Gradient Alignment": 0.12186064571142197, "Alignment bias gradient layer 0": 0.5561143159866333, "Alignment bias gradient layer 1": 0.396342933177948, "Alignment bias gradient layer 2": 1.0000001192092896, "Alignment gradient layer 0": 0.5584607124328613, "Alignment gradient layer 1": 0.4045313894748688, "Alignment gradient layer 2": 1.000000238418579, "Alignment layer 0": 0.0003383085713721812, "Alignment layer 1": 0.12489918619394302, "Alignment layer 2": 0.4021430015563965, "_timestamp": 1699546121.742213, "_runtime": 158.19371509552002, "_step": 4, "Best Val Loss": 86.39681243896484, "Best Epoch": 3, "Best Test Loss": 82.08851623535156, "Best Test Accuracy": 0.9437999725341797, "Best Val Accuracy": 0.9465000033378601, "_wandb": {"runtime": 166}}