{"Training Loss": 1.603195071220398, "Val Loss": 0.877254843711853, "Val Accuracy": 0.8161666393280029, "Alignment": 0.6397674679756165, "Test Loss": 0.8553528189659119, "Test Accuracy": 0.8300999999046326, "Alignment bias gradient layer 0": -0.1830577254295349, "Alignment bias gradient layer 1": -0.40085136890411377, "Alignment bias gradient layer 2": 0.9999091625213623, "Alignment gradient layer 0": -0.1830577254295349, "Alignment gradient layer 1": -0.12627074122428894, "Alignment gradient layer 2": -0.40085136890411377, "Alignment gradient layer 3": -0.3710263967514038, "Alignment gradient layer 4": 0.9999091625213623, "Alignment gradient layer 5": 0.9998779296875, "_timestamp": 1699288440.42895, "_runtime": 34.960134983062744, "_step": 0, "Best Val Loss": 0.877254843711853, "Best Val Accuracy": 0.8161666393280029, "Best Epoch": 0, "Best Test Loss": 0.8553528189659119, "Best Test Accuracy": 0.8300999999046326, "_wandb": {"runtime": 60}}