{"Training Loss": 0.13561618328094482, "Val Loss": 0.2008945792913437, "Val Accuracy": 0.9368333220481873, "Alignment": [-0.0002974639355670661, 0.6475928425788879], "Gradient Alignment": null, "Test Loss": 0.17712707817554474, "Test Accuracy": 0.9432999491691589, "Alignment layer 0": -0.0002974639355670661, "Alignment layer 1": 0.6475928425788879, "_timestamp": 1699439747.7838972, "_runtime": 247.08759427070618, "_step": 7, "Best Val Loss": 0.18449439108371735, "Best Val Accuracy": 0.9461666345596313, "Best Epoch": 6, "Best Test Loss": 0.15199066698551178, "Best Test Accuracy": 0.955299973487854, "_wandb": {"runtime": 258}}