{"Training Loss": 0.42084652185440063, "Val Loss": 0.4002322256565094, "Val Accuracy": 0.8884999752044678, "Alignment": [0.005535379983484745, 0.8455780744552612], "Gradient Alignment": 0.7959740161895752, "Test Loss": 0.38059210777282715, "Test Accuracy": 0.8951999545097351, "Alignment bias gradient layer 0": 0.8480828404426575, "Alignment bias gradient layer 1": 0.9986381530761719, "Alignment gradient layer 0": 0.8779611587524414, "Alignment gradient layer 1": 0.9980934262275696, "Alignment layer 0": 0.005535379983484745, "Alignment layer 1": 0.8455780744552612, "_timestamp": 1699345473.602172, "_runtime": 46.78915500640869, "_step": 1, "Best Val Loss": 0.4002322256565094, "Best Val Accuracy": 0.8884999752044678, "Best Epoch": 1, "Best Test Loss": 0.38059210777282715, "Best Test Accuracy": 0.8951999545097351, "_wandb": {"runtime": 61}}