{"Training Loss": 0.007951216772198677, "Val Loss": 0.005153999663889408, "Val Accuracy": 10000000.0, "Relative Norms Gradients": 0.6517099738121033, "Gradient Alignment": 0.6411446332931519, "Test Loss": 0.004747461061924696, "Test Accuracy": 10000000.0, "Alignment bias gradient layer 0": 0.518936812877655, "Alignment bias gradient layer 1": 0.6519678831100464, "Alignment bias gradient layer 2": 1.0, "Alignment gradient layer 0": 0.5268316864967346, "Alignment gradient layer 1": 0.6412456631660461, "Alignment gradient layer 2": 1.0, "Alignment layer 0": -0.034450713545084, "Alignment layer 1": 0.16395793855190277, "Alignment layer 2": 0.620111882686615, "_timestamp": 1699535464.851671, "_runtime": 7.313184022903442, "_step": 9, "Best Val Loss": 0.12204822152853012, "Best Val Accuracy": 10000000.0, "Best Epoch": 0, "Best Test Loss": 0.13456107676029205, "Best Test Accuracy": 10000000.0, "_wandb": {"runtime": 12}}