{"Training Loss": 0.056394219398498535, "Val Loss": 0.05609847232699394, "Val Accuracy": 10000000.0, "Alignment": -0.48689398169517517, "Test Loss": 0.056446682661771774, "Test Accuracy": 10000000.0, "_timestamp": 1699265858.2325618, "_runtime": 10.872056722640991, "_step": 49, "Best Val Loss": 0.05609847977757454, "Best Val Accuracy": 10000000.0, "Best Epoch": 0, "Best Test Loss": 0.05644669011235237, "Best Test Accuracy": 10000000.0, "_wandb": {"runtime": 10}}