{"Training Loss": 1.3025282621383667, "Val Loss": 1.0954456329345703, "Val Accuracy": 0.6994999647140503, "Alignment": 0.7450921535491943, "Gradient Alignment": 0.6423222422599792, "Test Loss": 1.076865792274475, "Test Accuracy": 0.704800009727478, "Alignment bias gradient layer 0": 0.7473816871643066, "Alignment bias gradient layer 1": 0.8611645102500916, "Alignment bias gradient layer 2": 0.9999008178710938, "Alignment gradient layer 0": 0.6404580473899841, "Alignment gradient layer 1": 0.3989288806915283, "Alignment gradient layer 2": 0.9998555183410645, "_timestamp": 1699296718.904045, "_runtime": 45.369468212127686, "_step": 1, "Best Val Loss": 1.0954456329345703, "Best Val Accuracy": 0.6994999647140503, "Best Epoch": 1, "Best Test Loss": 1.076865792274475, "Best Test Accuracy": 0.704800009727478, "_wandb": {"runtime": 48}}