{"Training Loss": 3.530742645263672, "Val Loss": 4.268787384033203, "Test Loss": 3.4896247386932373, "Test Accuracy": 0.9371999502182007, "_timestamp": 1699540504.93876, "_runtime": 162.11586213111877, "_step": 4, "Best Val Loss": 4.020794868469238, "Best Epoch": 3, "Best Test Loss": 4.008452415466309, "Best Test Accuracy": 0.9431999921798706, "Best Val Accuracy": 0.9461666345596313, "_wandb": {"runtime": 174}}