{"Training Loss": 0.1928946077823639, "Val Loss": 0.23278217017650604, "Val Accuracy": 0.9309999942779541, "Alignment": 0.021072253584861755, "Test Loss": 0.20635902881622314, "Test Accuracy": 0.9365999698638916, "_timestamp": 1699275597.659523, "_runtime": 820.0764400959015, "_step": 4, "Best Val Loss": 0.23278217017650604, "Best Val Accuracy": 0.9309999942779541, "Best Epoch": 4, "Best Test Loss": 0.20635902881622314, "Best Test Accuracy": 0.9365999698638916, "_wandb": {"runtime": 919}}