{"Training Loss": 0.07655998319387436, "Val Loss": 0.1444551944732666, "Val Accuracy": 0.956333339214325, "Alignment": 0.6774754524230957, "Test Loss": 0.12646937370300293, "Test Accuracy": 0.9620999693870544, "_timestamp": 1699277858.775131, "_runtime": 514.0354690551758, "_step": 14, "Best Val Loss": 0.12584343552589417, "Best Val Accuracy": 0.9621666669845581, "Best Epoch": 11, "Best Test Loss": 0.10798298567533493, "Best Test Accuracy": 0.9670999646186829, "_wandb": {"runtime": 547}}