{"Training Loss": 0.09506817162036896, "Val Loss": 0.1263187676668167, "Test Loss": 0.10551981627941132, "Test Accuracy": 0.9673999547958374, "Relative Norms Gradients": 1.650547981262207, "Gradient Alignment": 0.6012293100357056, "Alignment bias gradient layer 0": 0.40680986642837524, "Alignment bias gradient layer 1": 0.45559921860694885, "Alignment bias gradient layer 2": 1.0, "Alignment gradient layer 0": 0.3980812430381775, "Alignment gradient layer 1": 0.46219444274902344, "Alignment gradient layer 2": 0.9999970197677612, "Alignment layer 0": 0.0006304151611402631, "Alignment layer 1": 0.024153076112270355, "Alignment layer 2": 0.41917338967323303, "_timestamp": 1699546323.4718878, "_runtime": 155.45568990707397, "_step": 4, "Best Val Loss": 0.1263187676668167, "Best Epoch": 4, "Best Test Loss": 0.10551981627941132, "Best Test Accuracy": 0.9673999547958374, "Best Val Accuracy": 0.9626666307449341, "_wandb": {"runtime": 233}}