{"Training Loss": 0.0460326112806797, "Val Loss": 0.002209036611020565, "Val Accuracy": 10000000.0, "Relative Norms Gradients": 0.9982724189758301, "Gradient Alignment": 0.5391079187393188, "Test Loss": 0.0022796804551035166, "Test Accuracy": 10000000.0, "Alignment bias gradient layer 0": -0.04514065757393837, "Alignment bias gradient layer 1": -0.012559110298752785, "Alignment bias gradient layer 2": 1.0, "Alignment gradient layer 0": -0.04499577730894089, "Alignment gradient layer 1": -0.013216862455010414, "Alignment gradient layer 2": 0.9999998211860657, "Alignment layer 0": 0.05048361048102379, "Alignment layer 1": -0.0016757571138441563, "Alignment layer 2": 0.006521039176732302, "_timestamp": 1699534863.671318, "_runtime": 8.086740970611572, "_step": 0, "Best Val Loss": 0.002209036611020565, "Best Val Accuracy": 10000000.0, "Best Epoch": 0, "Best Test Loss": 0.0022796804551035166, "Best Test Accuracy": 10000000.0, "_wandb": {"runtime": 27}}