{"Training Loss": 0.33478033542633057, "Val Loss": 0.17554064095020294, "Val Accuracy": 0.9516666531562805, "Alignment": [-0.0005132137448526919, 0.31104573607444763], "Gradient Alignment": null, "Test Loss": 0.16380470991134644, "Test Accuracy": 0.9512999653816223, "Alignment layer 0": -0.0005132137448526919, "Alignment layer 1": 0.31104573607444763, "_timestamp": 1699448680.163758, "_runtime": 52.119444131851196, "_step": 0, "Best Val Loss": 0.17554064095020294, "Best Val Accuracy": 0.9516666531562805, "Best Epoch": 0, "Best Test Loss": 0.16380470991134644, "Best Test Accuracy": 0.9512999653816223, "_wandb": {"runtime": 66}}