{"Training Loss": 0.07574574649333954, "Val Loss": 0.10950358211994171, "Test Loss": 0.08856441080570221, "Test Accuracy": 0.973099946975708, "Relative Norms Gradients": 1.4927923679351807, "Gradient Alignment": 0.7089477181434631, "Alignment bias gradient layer 0": 0.5405858755111694, "Alignment bias gradient layer 1": 1.0, "Alignment gradient layer 0": 0.5390569567680359, "Alignment gradient layer 1": 0.9999940991401672, "_timestamp": 1699547776.639796, "_runtime": 166.55816912651062, "_step": 4, "Best Val Loss": 0.10950358211994171, "Best Epoch": 4, "Best Test Loss": 0.08856441080570221, "Best Test Accuracy": 0.973099946975708, "Best Val Accuracy": 0.9674999713897705, "_wandb": {"runtime": 171}}