{"Training Loss": 0.044717736542224884, "Val Loss": 0.11166217923164368, "Val Accuracy": 0.965999960899353, "Alignment": 0.21551595628261566, "Test Loss": 0.09199389070272446, "Test Accuracy": 0.9726999998092651, "_timestamp": 1699276576.999873, "_runtime": 408.6064438819885, "_step": 29, "Best Val Loss": 0.11023668944835663, "Best Val Accuracy": 0.9670000076293945, "Best Epoch": 26, "Best Test Loss": 0.09257342666387558, "Best Test Accuracy": 0.9724999666213989, "_wandb": {"runtime": 423}}