{"Training Loss": 1.0, "Val Loss": null, "Val Accuracy": null, "Alignment": -0.05930458381772041, "Test Loss": 2.419835090637207, "Test Accuracy": 0.0957999974489212, "_timestamp": 1699284689.590671, "_runtime": 26.197142124176025, "_step": 0, "_wandb": {"runtime": 25}}