{"Training Loss": 0.578024685382843, "Val Loss": 0.4820901155471802, "Val Accuracy": 0.8539999723434448, "Alignment": [-0.0002667657390702516, 0.4997659921646118], "Gradient Alignment": null, "Test Loss": 0.4626847505569458, "Test Accuracy": 0.8613999485969543, "Alignment layer 0": -0.0002667657390702516, "Alignment layer 1": 0.4997659921646118, "_timestamp": 1699440372.967072, "_runtime": 53.678285121917725, "_step": 0, "Best Val Loss": 0.4820901155471802, "Best Val Accuracy": 0.8539999723434448, "Best Epoch": 0, "Best Test Loss": 0.4626847505569458, "Best Test Accuracy": 0.8613999485969543, "_wandb": {"runtime": 79}}