{"Training Loss": 1.603195071220398, "Val Loss": 0.877254843711853, "Val Accuracy": 0.8161666393280029, "Alignment": 0.6397674679756165, "Test Loss": 0.8553528189659119, "Test Accuracy": 0.8300999999046326, "Alignment bias gradient layer 0": -0.1830577254295349, "Alignment bias gradient layer 1": -0.40085136890411377, "Alignment bias gradient layer 2": 0.9999091625213623, "_timestamp": 1699287998.5237582, "_runtime": 33.87206220626831, "_step": 0, "Best Val Loss": 0.877254843711853, "Best Val Accuracy": 0.8161666393280029, "Best Epoch": 0, "Best Test Loss": 0.8553528189659119, "Best Test Accuracy": 0.8300999999046326, "_wandb": {"runtime": 38}}