{"Training Loss": 1.603195071220398, "Val Loss": 0.877254843711853, "Val Accuracy": 0.8161666393280029, "Alignment": 0.6397674679756165, "Test Loss": 0.8553528189659119, "Test Accuracy": 0.8300999999046326, "_timestamp": 1699286529.427264, "_runtime": 34.78696799278259, "_step": 0, "Best Val Loss": 0.877254843711853, "Best Val Accuracy": 0.8161666393280029, "Best Epoch": 0, "Best Test Loss": 0.8553528189659119, "Best Test Accuracy": 0.8300999999046326, "_wandb": {"runtime": 37}}