{"Training Loss": 0.40867775678634644, "Val Loss": 0.3755905330181122, "Val Accuracy": 0.8930000066757202, "Alignment": 0.3769242763519287, "Gradient Alignment": 0.5242356061935425, "Test Loss": 0.34708482027053833, "Test Accuracy": 0.9025999903678894, "Alignment bias gradient layer 0": 0.715334415435791, "Alignment bias gradient layer 1": 0.5869057178497314, "Alignment bias gradient layer 2": 0.9991936683654785, "Alignment gradient layer 0": 0.7395451068878174, "Alignment gradient layer 1": 0.578730583190918, "Alignment gradient layer 2": 0.9988783001899719, "_timestamp": 1699342505.6176581, "_runtime": 80.90132808685303, "_step": 1, "Best Val Loss": 0.3755905330181122, "Best Val Accuracy": 0.8930000066757202, "Best Epoch": 1, "Best Test Loss": 0.34708482027053833, "Best Test Accuracy": 0.9025999903678894, "_wandb": {"runtime": 292}}