{"Training Loss": 84.43260955810547, "Val Loss": 57.835140228271484, "Test Loss": 52.92931365966797, "Test Accuracy": 0.9160999655723572, "Relative Norms Gradients": 1.0130596160888672, "Gradient Alignment": 0.36250147223472595, "Alignment bias gradient layer 0": 0.012298906221985817, "Alignment bias gradient layer 1": 0.04330000653862953, "Alignment bias gradient layer 2": 1.0, "Alignment gradient layer 0": 0.015872040763497353, "Alignment gradient layer 1": 0.03709521144628525, "Alignment gradient layer 2": 0.9999991655349731, "Alignment layer 0": 0.0007659458788111806, "Alignment layer 1": 0.0021364751737564802, "Alignment layer 2": -0.0010088511044159532, "_timestamp": 1699544083.8098052, "_runtime": 53.48121404647827, "_step": 0, "Best Val Loss": 57.835140228271484, "Best Epoch": 0, "Best Test Loss": 52.92931365966797, "Best Test Accuracy": 0.9160999655723572, "Best Val Accuracy": 0.9120000004768372, "_wandb": {"runtime": 60}}