{"Training Loss": 0.3391488790512085, "Val Loss": 0.3362123668193817, "Val Accuracy": 10000000.0, "Alignment": -0.007769422139972448, "Test Loss": 0.33953988552093506, "Test Accuracy": 10000000.0, "_timestamp": 1699266126.2499578, "_runtime": 32.68068289756775, "_step": 0, "Best Val Loss": 0.3362123668193817, "Best Val Accuracy": 10000000.0, "Best Epoch": 0, "Best Test Loss": 0.33953988552093506, "Best Test Accuracy": 10000000.0, "_wandb": {"runtime": 54}}