{"Training Loss": 0.22769798338413239, "Val Loss": 0.1313123255968094, "Val Accuracy": 0.9588333368301392, "Relative Norms Gradients": 0.9949967861175537, "Gradient Alignment": 0.2400793433189392, "Test Loss": 0.11023520678281784, "Test Accuracy": 0.967199981212616, "Alignment bias gradient layer 0": 0.07347961515188217, "Alignment bias gradient layer 1": 0.005414274055510759, "Alignment bias gradient layer 2": 1.0, "Alignment gradient layer 0": 0.008981091901659966, "Alignment gradient layer 1": -0.02873990684747696, "Alignment gradient layer 2": 0.9999987483024597, "Alignment layer 0": 0.0007223222055472434, "Alignment layer 1": -0.0016111161094158888, "Alignment layer 2": -0.011540212668478489, "_timestamp": 1699534560.236566, "_runtime": 52.889873027801514, "_step": 0, "Best Val Loss": 0.1313123255968094, "Best Val Accuracy": 0.9588333368301392, "Best Epoch": 0, "Best Test Loss": 0.11023520678281784, "Best Test Accuracy": 0.967199981212616, "_wandb": {"runtime": 67}}