{"Training Loss": 1.2930971934110858e-05, "Val Loss": 9.540569408272859e-06, "Val Accuracy": 10000000.0, "Alignment": -0.16168846189975739, "Test Loss": 8.985181921161711e-06, "Test Accuracy": 10000000.0, "_timestamp": 1699267029.101779, "_runtime": 8.739535093307495, "_step": 9, "Best Val Loss": 0.0005398734356276691, "Best Val Accuracy": 10000000.0, "Best Epoch": 0, "Best Test Loss": 0.0006060907617211342, "Best Test Accuracy": 10000000.0, "_wandb": {"runtime": 88}}