{"Training Loss": null, "Val Loss": null, "Val Accuracy": 10000000.0, "Relative Norms Gradients": 0.9685579538345337, "Gradient Alignment": 0.3696591258049011, "Test Loss": null, "Test Accuracy": 10000000.0, "Alignment bias gradient layer 0": -0.07286320626735687, "Alignment bias gradient layer 1": -0.07190115749835968, "Alignment bias gradient layer 2": 1.0, "Alignment gradient layer 0": -0.07346279919147491, "Alignment gradient layer 1": -0.05317259579896927, "Alignment gradient layer 2": 1.000000238418579, "Alignment layer 0": 0.05048278346657753, "Alignment layer 1": 0.007870500907301903, "Alignment layer 2": 0.7531871199607849, "_timestamp": 1699534944.986775, "_runtime": 6.9349589347839355, "_step": 0, "Best Val Loss": null, "Best Val Accuracy": 10000000.0, "Best Epoch": 0, "Best Test Loss": null, "Best Test Accuracy": 10000000.0, "_wandb": {"runtime": 5}}