{"Training Loss": 84.43260955810547, "Val Loss": 57.835140228271484, "Test Loss": 52.92931365966797, "Test Accuracy": 0.9160999655723572, "Relative Norms Gradients": 0.9626649618148804, "Gradient Alignment": 0.2972842752933502, "Alignment bias gradient layer 0": 0.11464431136846542, "Alignment bias gradient layer 1": 0.04519429802894592, "Alignment bias gradient layer 2": 1.0, "Alignment gradient layer 0": 0.023452796041965485, "Alignment gradient layer 1": 0.012436470948159695, "Alignment gradient layer 2": 0.9999971389770508, "Alignment layer 0": 0.0007751741795800626, "Alignment layer 1": 0.001725599984638393, "Alignment layer 2": -0.010711838491261005, "_timestamp": 1699543003.252463, "_runtime": 52.138055086135864, "_step": 0, "Best Val Loss": 57.835140228271484, "Best Epoch": 0, "Best Test Loss": 52.92931365966797, "Best Test Accuracy": 0.9160999655723572, "Best Val Accuracy": 0.9120000004768372, "_wandb": {"runtime": 63}}