{"Training Loss": 1.0, "Val Loss": null, "Val Accuracy": null, "Alignment": -0.05930458381772041, "Test Loss": 2.419835090637207, "Test Accuracy": 0.0957999974489212, "_timestamp": 1699284555.6671, "_runtime": 25.42413592338562, "_step": 0, "_wandb": {"runtime": 24}}