{"Training Loss": 0.33478033542633057, "Val Loss": 0.17554064095020294, "Val Accuracy": 0.9516666531562805, "Relative Norms Gradients": 1.125353217124939, "Gradient Alignment": -0.021442612633109093, "Test Loss": 0.16380470991134644, "Test Accuracy": 0.9512999653816223, "Alignment bias gradient layer 0": -0.03327754884958267, "Alignment bias gradient layer 1": -0.867894172668457, "Alignment gradient layer 0": 0.0010856471490114927, "Alignment gradient layer 1": -0.03732147067785263, "Alignment layer 0": 0.0010852748528122902, "Alignment layer 1": -0.03732139989733696, "_timestamp": 1699451895.343065, "_runtime": 53.57274603843689, "_step": 0, "Best Val Loss": 0.17554064095020294, "Best Val Accuracy": 0.9516666531562805, "Best Epoch": 0, "Best Test Loss": 0.16380470991134644, "Best Test Accuracy": 0.9512999653816223, "_wandb": {"runtime": 59}}