{"Training Loss": 0.38159608840942383, "Val Loss": 0.3524637222290039, "Val Accuracy": 0.8968333005905151, "Alignment": 0.26548337936401367, "Gradient Alignment": 0.5508590340614319, "Test Loss": 0.3294970393180847, "Test Accuracy": 0.9057999849319458, "Alignment bias gradient layer 0": 0.7395026087760925, "Alignment bias gradient layer 1": 0.7238147258758545, "Alignment bias gradient layer 2": 0.996079683303833, "Alignment gradient layer 0": 0.711844801902771, "Alignment gradient layer 1": 0.7054121494293213, "Alignment gradient layer 2": 0.9959005117416382, "_timestamp": 1699296428.253581, "_runtime": 140.754497051239, "_step": 1, "Best Val Loss": 0.3524637222290039, "Best Val Accuracy": 0.8968333005905151, "Best Epoch": 1, "Best Test Loss": 0.3294970393180847, "Best Test Accuracy": 0.9057999849319458, "_wandb": {"runtime": 146}}